name,my_project,published,description,homepage,html_url,logo_url,topics,date,evernote_url,see_also,inspiration_reference
1-million-trees,Y,N,1 Million Trees in the Brecon Beacons,,https://github.com/tomwhite/1-million-trees,,"visualization,local-community",,https://share.evernote.com/note/ef4f1c35-cc37-4c40-9763-7d0a433c96de,,
23andme-impute,N,N,Run IMPUTE2 on 23 and me,,,,genomics,,https://share.evernote.com/note/6e9ff10e-ebdb-1c5b-65ea-153b11205697,,
8-bit-computer,Y,Y,Ben Eater's 8-bit computer in CircuitJS1,https://github.com/tomwhite/8-bit-computer,https://github.com/tomwhite/8-bit-computer,,retro-computing,2023-02-01,,,Ben Eater
aboutme,Y,N,Old website (replaced by tomwhite.github.com),,,,,,,,
alhambra,Y,Y,A Java API for experimenting with tilings and patterns.,http://tomwhite.github.io/alhambra/,https://github.com/tomwhite/alhambra,,visualization,1998-08-01,,,"Martin Gardner, Penrose Tiles"
apportionment,Y,Y,Calculating apportionments for the House of Representatives using the Huntington-Hill method.,https://tom-e-white.com/2012/12/apportionment.html,https://github.com/tomwhite/apportionment,,maths,2012-07-01,https://share.evernote.com/note/316d225b-ba3e-43a7-8771-28dcbf48820c,,
ardubat,Y,Y,Visualizations of bat activity over the year using an Arduino bat detector,https://observablehq.com/d/682fb4043d9dadb7,https://github.com/tomwhite/ardubat,,"maker,visualization",2025-07-20,https://share.evernote.com/note/005cb26b-8433-4a21-bf7a-bd0015405d1f,,ArduBat project
Arduino_SMC,N,N,Mike's Solar Metric Clock,,,,,,https://share.evernote.com/note/d584b440-ae44-4321-ae65-5fb80a4cc7a2,,
array-api-tests,N,N,,,,,,,,,
array-api-tests-dask,Y,N,,,,,arrays,,,,
array-api-tests-op-art,Y,N,,,,,arrays,,,op-art,
array-tracker,Y,N,An implementation of the Python array API standard that tracks array element dependencies,,,,arrays,,https://share.evernote.com/note/a4a0d576-33ee-4af6-baa4-a3769349b6bf,op-art,
articles,Y,N,Collection of my old technical articles,,https://github.com/tomwhite/articles,,,,,,
atomiclisp,Y,N,"Atomic LISP is my reformulation of Gregory J. Chaitin's version of LISP that he uses in his books ""The Unknowable"" (Springer Verlag, 1999) and ""The Limits of Mathematics"" (Springer Verlag 1998).",,https://github.com/tomwhite/atomiclisp,,,,,,Gregory J. Chaitin
autotune-docker,Y,N,Running OpenAPS autotune in Docker,,,,t1d,,https://share.evernote.com/note/90a263d6-e4cd-4bf4-8507-07124d57160c,,
badge-2024-software,N,N,Tildagon software,,https://github.com/emfcamp/badge-2024-software,,,,,,
barry,Y,N,Early Cubed development (replaced by Cubed),,,,arrays,,,,
barry-original,Y,N,Early Cubed development (replaced by Cubed),,,,arrays,,,,
bat-recordings,Y,N,EMF Camp bat recordings,,,,nature,,https://share.evernote.com/note/85b38020-2d7b-615e-0f3e-da2a26f5a583,,
benford,Y,N,Benford's law experiments,,https://github.com/tomwhite/benford,,maths,,,,"Robert Matthews, The Power of One, New Scientist No2194, 10 July 1999"
berllan-electricity,Y,N,Tracking our electricity generation and usage,https://tom-e-white.com/berllan-electricity/electricity.html,https://github.com/tomwhite/berllan-electricity,,"visualization,home",,https://share.evernote.com/note/04accf37-ff53-ba5a-ec5c-21730c0b8363,,
berllan-network,Y,N,How our house network works,,,,home,,https://share.evernote.com/note/921da865-4699-41b3-9406-4e0cf05b9b34,,
binarypi,Y,N,Calculating the nth binary digit of pi,,https://github.com/tomwhite/binarypi,,maths,,,,"Bailey, Borwein and Plouffe"
birdcage,Y,Y,An Arduino recreation of Shannon's Bird Cage,https://github.com/tomwhite/birdcage,https://github.com/tomwhite/birdcage,,"games,maker",2021-01-01,,,"Gardner, Martin, (1961), More Mathematical Puzzles and Diversions, Penguin Books"
birthday-roots,Y,N,Which year do you need to be born in so that you have a birthday year which is a power of your age?,,https://github.com/tomwhite/birthday-roots,,maths,,,,
blockclock,Y,Y,A real digital clock,http://tomwhite.github.io/blockclock/,https://github.com/tomwhite/blockclock,,visualization,2002-01-01,,,
blockclock-matrix,Y,N,Blockclock as an LED matrix,,,,"visualization,maker",,https://share.evernote.com/note/7105a9dc-459b-4420-fe78-a884cc314071,,
blockclock-sweep,Y,N,Blockclock as a laser pointer,,,,"visualization,maker",,https://share.evernote.com/note/9144742f-766a-4f0f-8006-00c8be116dbc,,
bolus-calc,Y,N,Experiments in calculating insulin bolus amounts for T1D,,,,t1d,,,,
carbon-footprint,Y,N,Calculating our household carbon footprint in 2017,,,,"green,home",,https://share.evernote.com/note/c9329f1b-9d84-4b60-81cc-f3827703a1e6,,
chernoff,Y,Y,A visual mood indicator. One of the first Java programs I ever wrote.,http://tomwhite.github.io/chernoff/,https://github.com/tomwhite/chernoff,,visualization,1997-04-01,,,Pickover
chess,Y,N,Raw data for chess puzzle results,,,,games,,https://share.evernote.com/note/176e7fb0-1970-4547-a2d6-8cc8a89c1ad2,,
chinesechequers,Y,N,Play Chinese Chequers against the computer,,https://github.com/tomwhite/chinesechequers,,games,,https://share.evernote.com/note/74b55ebf-02fb-40a2-92bf-376142c596b7,,
core,Y,N,Old common Java code,,https://github.com/tomwhite/core,,,,,,
core-war,Y,N,Core war newsletters,,,,,,https://share.evernote.com/note/c82ce3b7-40e8-7f9c-ff40-e7110ec00d3a,,"A. K. Dewdney, 'The Armchair Universe'"
covid-19,Y,N,Pre-cursor to covid-19-uk-data,,,,,,,,
covid-19-uk-data,Y,N,COVID-19 UK Historical Data,,https://github.com/tomwhite/covid-19-uk-data,,,,,,
crick-archive-catalog,Y,N,Scripts for processing CDAC catalog metadata,,,,local-community,,,,
crick-parking,Y,N,Crickhowell Car Park Analysis,,https://github.com/tomwhite/crick-parking,,local-community,,,,
crick1881,Y,N,"Scripts for creating visualizations for Eliane's book ""Crickhowell 1881""",,,,local-history,,,,
cubed-async,Y,N,Throwaway code for making Cubed async,,,,arrays,,,,
cubesum,Y,Y,The sum of the first n cubes equals the square of the sum of the first n numbers.,http://tomwhite.github.io/cubesum,https://github.com/tomwhite/cubesum,,visualization,2015-10-01,,,"Martin Gardner, Knotted Doughnuts"
d3troit,Y,Y,A d3 visualization of the changing populations of the largest cities in the US,http://tomwhite.github.io/d3troit/index.html,https://github.com/tomwhite/d3troit,,visualization,2012-07-01,,,
dask,N,N,,,,,,,,,
dask-cloud-gpu,Y,N,Investigation for running Dask on GPUs,,,,arrays,,,,
dask-executor-scheduler,Y,N,A Dask scheduler that uses a Python _concurrent.futures.Executor_ to run tasks.,,https://github.com/tomwhite/dask-executor-scheduler,,arrays,,,,
datashader,N,N,,,,,,,,,
datashader-leaflet,Y,N,Using Leaflet to view Datashader visualizations,,,,visualization,,,,
datavision,Y,Y,A weekly data visualization in 2020,http://tom-e-white.com/datavision/,https://github.com/tomwhite/datavision-code,,visualization,2020-01-01,,,
datavision-code,Y,N,Code for Datavision 2020,https://tom-e-white.com/datavision/,https://github.com/tomwhite/datavision-code,,visualization,,,,
david,Y,Y,From what position will a statue such as this appear of maximum size?,https://observablehq.com/@tomwhite/david,https://github.com/tomwhite/david,,visualization,2023-02-01,,,"""The Penguin Dictionary of Curious and Interesting Geometry"" by David Wells (p3)"
dboard,Y,N,A dashboard for Type 1 Diabetes.,,https://github.com/tomwhite/dboard,,"t1d,visualization",,https://share.evernote.com/note/aec18458-d913-4d2a-9001-925fb3a4a2c7,,
dboard-js,Y,N,Javascript version of dboard,,,,"t1d,visualization",,https://share.evernote.com/note/3810ac8b-5b14-45de-8720-215ff0ebce51,,
diabetes-site-rotation,Y,N,Diagram for injection sites,,,,t1d,,,,
diffdiff,Y,N,Automatic differentiation of computer functions,,https://github.com/tomwhite/diffdiff,,,,https://share.evernote.com/note/a98bd0cd-84aa-49d3-81dd-4eab1498cf33,,
dusk,Y,Y,A program to plot the time of dusk over the year for any given location on the Earth's surface,http://tomwhite.github.io/dusk/,https://github.com/tomwhite/dusk,,visualization,2014-01-01,,,
earth-moon-game,Y,Y,A game: how far is the Moon from the Earth?,https://tomwhite.github.io/earth-moon-game,https://github.com/tomwhite/earth-moon-game,,"games,visualization",2013-03-01,,,
edge-detection,Y,N,Find an egg shape from an input image,,,,,,,,
egg-construction,Y,Y,Compass constructions for egg shapes from 'Mathographics' by Robert Dixon,http://tomwhite.github.io/egg-construction/index.html,https://github.com/tomwhite/egg-construction,,visualization,2013-09-01,,,Mathographics' by Robert Dixon
egg-fitting,Y,N,Fitting egg shapes,,,,,,https://share.evernote.com/note/7cea3e75-14f6-4922-a7bd-16edbe9fc8a0,,
enigma,Y,N,A few New Scientist Enigma puzzle solutions,,,,,,,,
facebender,Y,Y,A project from A. K. Dewdney's 'The Armchair Universe' for producing caricatures.,https://github.com/tomwhite/facebender,https://github.com/tomwhite/facebender,,visualization,2002-04-01,https://share.evernote.com/note/540f22fb-dbb9-4b0a-898e-5c1285217637,,"A. K. Dewdney, 'The Armchair Universe'"
false-summits,Y,Y,Visualizing false summits from GPX route traces,https://tom-e-white.com/false-summits/,https://github.com/tomwhite/false-summits,,visualization,2025-05-30,https://share.evernote.com/note/2443ea0c-58cc-b628-d59a-19005ab11b78,,
ffawyddog.com,Y,N,Ffawyddog Phonebox website,https://ffawyddog.com/,https://github.com/tomwhite/ffawyddog.com,,local-community,,https://share.evernote.com/note/8b838a16-69be-4a3a-0172-042b08e33c8f,,
freeloader,Y,N,Recreation of a cooperative group game from the Exploratorium in SF,,,,games,,https://share.evernote.com/note/d8ea9e2c-ef50-4f44-b962-1840f2cf426e,,"The Exploratorium, SF"
futoshiki,Y,N,Futoshiki solver using MiniZinc and js (superceded by futoshiki-hints),,,,games,,,futoshiki-hints,
futoshiki-hints,Y,Y,Futoshiki puzzle hints for humans,https://github.com/tomwhite/futoshiki-hints,https://github.com/tomwhite/futoshiki-hints,,games,2021-02-01,https://share.evernote.com/note/528855e5-36e5-4e28-9012-cfed7b0e046b,futoshiki,
ga,Y,N,A simple Java package for writing genetic algorithms (GAs).,,https://github.com/tomwhite/ga,,,,,,
gaussian-primes,Y,Y,Visualization of Gaussian primes,http://tomwhite.github.io/gaussian-primes/xmas-lines.html,https://github.com/tomwhite/gaussian-primes,,visualization,2009-12-01,,,"The Book of Numbers, Conway and Guy"
ge-2024,Y,Y,An animation that relives the night of the Labour landslide,https://tom-e-white.com/ge-2024/,https://github.com/tomwhite/ge-2024,,visualization,2024-07-01,,,
guac,Y,N,Exploring the genetic code,,https://github.com/tomwhite/guac,,"visualization,genomics",,https://share.evernote.com/note/faeaf70a-9049-4a3e-be86-a9eecf97334c,,
gutted,Y,N,Investigating gut health,,,,,,https://share.evernote.com/note/8bad1f9f-b89e-cf0f-a4fd-41cd0d4be9f4,,
hadoopbook.com,Y,N,"Example source code accompanying O'Reilly's ""Hadoop: The Definitive Guide"" by Tom White",http://www.hadoopbook.com/,https://github.com/tomwhite/hadoop-book,,hadoop,,,,
heightcharts,Y,N,"Height data for the girls, and code to produce charts",,,,"family,visualization",,,,
hla-prs-toolkit,N,N,Webapp (that I wrote) to run T1D PRS,,,,t1d,,"https://share.evernote.com/note/6e9ff10e-ebdb-1c5b-65ea-153b11205697, https://share.evernote.com/note/73278814-0052-355d-bdc4-e9890116b591",,
house-hunting,Y,N,Scripts for visualizing local house prices when we bought Berllan,,,,home,,,,
how-far-away-is-the-sea,Y,Y,An app for calculating the shortest distance to the sea from any point on Earth.,https://how-far-away-is-the-sea.appspot.com/,https://github.com/tomwhite/how-far-away-is-the-sea,,"maths,visualization",2012-12-31,https://share.evernote.com/note/a4778f66-20dc-40b7-af1d-e16dcdeb7593,,
hyperbolic,Y,Y,A Java implementation of a draggable hyperbolic display.,http://tomwhite.github.io/hyperbolic/,https://github.com/tomwhite/hyperbolic,,"maths,visualization",1999-04-01,,,
inaturalist-datashader-map,Y,N,A zoomable map of iNaturalist observations made using Datashader and Leaflet,,https://github.com/tomwhite/inaturalist-datashader-map,,"visualization,nature",,,,
inflector,Y,N,Inflector provides an API for forming the plurals of nouns.,,https://github.com/tomwhite/inflector,,,,https://share.evernote.com/note/11f1f6da-fec6-4700-aca9-120b05e1e620,,
ingredient-phrase-tagger,N,N,Extract structured data from ingredient phrases using conditional random fields,,https://github.com/NYTimes/ingredient-phrase-tagger,,t1d,,https://share.evernote.com/note/2b24de3e-60a4-4752-899f-e12ab2f455ca,,
ingreedy-data,Y,N,Code for preparing data for Ingreedy,,https://github.com/tomwhite/ingreedy-data,,t1d,,https://share.evernote.com/note/2b24de3e-60a4-4752-899f-e12ab2f455ca,,
ingreedy-js,Y,N,Ingredient parsing in Javascript,https://tom-e-white.com/ingreedy-js/,https://github.com/tomwhite/ingreedy-js,,t1d,,https://share.evernote.com/note/2b24de3e-60a4-4752-899f-e12ab2f455ca,,
ingreedy-model,Y,N,Modelling ingredients lists to predict carbs,,,,t1d,,,,
ingreedy-service,Y,N,Heroku deployment of ingreedy,,,,t1d,,,,
ingreedy-test,Y,N,Evaluate the accuracy of Ingreedy,,,,t1d,,,,
ingreedy-v0,Y,N,Original ingreedy,,,,t1d,,,,
ingreedy-visualization,Y,N,Experiments in visualizing food nutrients,,,,t1d,,,,
ingreedy-word2vec,Y,N,Early experiments using ingreedy data with Diet2Vec,,,,t1d,,,,
interlocking-cube,Y,N,Finding interlocking cube puzzles,,,,games,,https://share.evernote.com/note/5de6defd-9d50-48c1-9a42-ae44397325d0,,
inversions,Y,Y,"Inspired by Scott Kim's ""Inversions"" I made two designs for my daughters.",https://github.com/tomwhite/inversions,https://github.com/tomwhite/inversions,,visualization,2015-12-01,,,"Martin Gardner, and Scott Kim, ""Inversions"""
isitdayornight,Y,Y,HTML 5 geolocation code that works out if it's day or night,https://tomwhite.github.io/isitdayornight/,https://github.com/tomwhite/isitdayornight,,visualization,2011-04-01,,,
jamie-oliver-recipes,Y,N,Scraping recipes for carb counts,,,,t1d,,https://share.evernote.com/note/125fd63a-d01d-4c37-ab24-2fce48503808,,
jekyll-website,Y,N,Old version of tomwhite.github.com,,,,,,,,
l-game,Y,N,Java program to explore properties of the L Game,,,,games,,https://share.evernote.com/note/90bc4ec0-0260-4be2-95ef-91c840204d92,,Edward de Bono
l-systems,Y,Y,Visualizing L-Systems,http://tomwhite.github.io/l-systems/,https://github.com/tomwhite/l-systems,,visualization,2010-11-01,,,The Algorithmic Beauty of Plants
leaning-chairs,Y,Y,A curve created by chairs leaning against one another,http://tomwhite.github.io/leaning-chairs/,https://github.com/tomwhite/leaning-chairs,,visualization,2015-04-01,,,
leprechauns,Y,N,"SVG to reproduce ""Vanishing Leprechauns"" from Math Bytes",,,,,,https://share.evernote.com/note/5aa68fa4-2ace-46b4-95a3-ff5d0f5a3061,,Math Bytes
leveltheplayingfield,Y,N,Analysis of school funding in Wales,https://leveltheplayingfield.wales/,https://github.com/tomwhite/leveltheplayingfield,,local-community,,https://share.evernote.com/note/68644aa2-e2f8-469d-8fea-4b9347b11a49,,
leveltheplayingfieldchs,Y,N,Old version of leveltheplayingfield,,,,local-community,,,,
libre-nightscout-uploader,Y,N,A script to upload Libre data to Nightscout,,https://github.com/tomwhite/libre-nightscout-uploader,,t1d,,,ns-api-uploader,
lidar-house,Y,Y,A Minecraft-style rendering of my house using Welsh Government LiDAR data,https://observablehq.com/d/6fc264dbfd8361b8,https://observablehq.com/d/6fc264dbfd8361b8,https://tom-e-white.com/projects/assets/lidar-house/logo.png,"geo,visualization",2025-08-27,https://share.evernote.com/note/18f0ae84-1140-57dc-dd4e-bfe313bb909f,,
llangattock-place-plan,Y,N,Llangattock Place Plan Statistics,https://observablehq.com/d/3c2ed6db5f9670b4,https://github.com/tomwhite/llangattock-place-plan,,local-community,,https://share.evernote.com/note/8d74024c-0aeb-18a7-1bd2-66cac8bf60b0,,
longview,Y,Y,A way of looking at time from a long distance.,http://tomwhite.github.io/longview/,https://github.com/tomwhite/longview,,visualization,2002-03-01,,,
lottie-numbers,Y,N,"A Lottie number is a number for which the sum of its proper divisors (excluding 1), plus the number of divisor pairs is the number itself.",,,,maths,,https://share.evernote.com/note/0f05cc93-2c68-46d1-98d4-45f765431836,,
mackerel,Y,N,"Which station on the London Tube map doesn't share any letters with ""mackerel""?",,https://gist.github.com/tomwhite/71a8a736d71b939d2eb46191109a76e8,,,,https://share.evernote.com/note/5af5177d-8c60-46fe-a75a-b0a6025b1b5e,,
mandelbrot-1989,Y,Y,My programs to draw the Mandelbrot Set from 1989 using GFA Basic on the Atari ST.,https://github.com/tomwhite/mandelbrot-1989,https://github.com/tomwhite/mandelbrot-1989,,"retro-computing,visualization",2020-12-01,,,Martin Gardner
mappix,Y,Y,Minimal pixellated maps,https://tomwhite.github.io/mappix/,https://github.com/tomwhite/mappix,,visualization,2018-10-01,,,
mastermind,Y,Y,A program for playing the mastermind board game,https://github.com/tomwhite/mastermind,https://github.com/tomwhite/mastermind,,games,2014-12-01,,,
metoffice_ec2,N,N,Open Climate Fix project to subset Met Office data on AWS EC2,,https://github.com/openclimatefix/metoffice_ec2,,,,https://share.evernote.com/note/a4894487-bb89-41a5-b557-bc9d0c2328a7,,
most-beautiful-formula,Y,Y,Animating Euler's equation,https://tomwhite.github.io/most-beautiful-formula/,https://github.com/tomwhite/most-beautiful-formula,,visualization,2018-06-01,,,Martin Gardner
nd3,Y,N,Predecessor to op-art,,,,arrays,,https://share.evernote.com/note/a4a0d576-33ee-4af6-baa4-a3769349b6bf,op-art,
novice,Y,N,The computer matches the human's skill level as they learn a new board game,,https://github.com/tomwhite/novice,,games,,https://share.evernote.com/note/cc95c390-9b7a-f81e-8f4b-c5116c13b318,,
ns-api-uploader,N,N,Python script for uploading to nightscout api,,https://github.com/cjo20/ns-api-uploader,,t1d,,,libre-nightscout-uploader,
ocf-experiments,Y,N,Open Climate Fix experiments,,,,,,https://share.evernote.com/note/a4894487-bb89-41a5-b557-bc9d0c2328a7,,
old-projects,Y,N,A collection of old computer projects,,,,,,,,
onair,Y,N,Experiments to detect and show if I was on a Skype call,,,,maker,,https://share.evernote.com/note/420535ef-8373-45a7-9d49-8bdad7eb62c2,,
op-art,Y,N,Animated array operations,https://tom-e-white.com/op-art/,https://github.com/tomwhite/op-art,,"arrays,visualization",,https://share.evernote.com/note/a4a0d576-33ee-4af6-baa4-a3769349b6bf,,
op-art-dask,Y,N,Animated array operations for Dask,,,,"arrays,visualization",,,op-art,
outguessing,Y,Y,An Arduino recreation of Shannon's Mind Reading Machine,https://github.com/tomwhite/outguessing,https://github.com/tomwhite/outguessing,,"games,maker",2016-01-01,,,
outguessing-java,Y,N,A Java version of Shannon's Mind Reading Machine,,,,retro-computing,,https://share.evernote.com/note/55ebee34-d394-418a-85c0-01b81ebd16f3,outguessing,
pangrams,Y,Y,Code to search for (Lee Sallows) pangrams for my family,https://github.com/tomwhite/pangrams,https://github.com/tomwhite/pangrams,,"family,maths",2016-11-27,https://share.evernote.com/note/54a83291-2d20-4b38-be36-ea0d65e294e5,,"A. K. Dewdney, 'The Armchair Universe'"
paper-folding,Y,N,Visualizations of paper folding,,,,visualization,,https://share.evernote.com/note/31db5818-6423-4d90-8fe8-14ac91eab445,,
percy-davies,Y,N,Statistical analysis of donations to the Percy Davies Trust,,,,local-community,,,,
periodic-table,Y,Y,"The Periodic Table, Animated",https://observablehq.com/@tomwhite/the-periodic-table-animated,https://github.com/tomwhite/periodic-table,,visualization,2021-03-01,,,
plastic-numbers,Y,N,Visualization of 3D Padovan Sequences,,,,visualization,,https://share.evernote.com/note/4d82ff6c-ef3c-4e6a-9498-b48affcd073a,,"Ian Stewart, Math Hysteria"
polarize,Y,N,A new optical puzzle,,https://github.com/tomwhite/polarize,,games,,https://share.evernote.com/note/f4f0c48a-1535-5ade-3c38-677efa83d0f6,,
pong,Y,Y,"An Arduino port of pypaddle, which is ""a paddle ball bouncing game very similar to Pong""",https://github.com/tomwhite/pong,https://github.com/tomwhite/pong,,"games,maker,retro-computing",2023-01-01,,,
predict_pv_yield_nwp,N,N,Build a baseline model for predicting PV yield using NWP (numerical weather predictions),,https://github.com/openclimatefix/predict_pv_yield_nwp,,,,https://share.evernote.com/note/a4894487-bb89-41a5-b557-bc9d0c2328a7,,
prisonersdilemma,Y,N,Axelrod's Iterated Prisoners' Dilemma contests,,https://github.com/tomwhite/prisonersdilemma,,games,,,,"Robert Axelrod, The Evolution of Co-operation"
project-curation,Y,N,"Curating, publishing, and visualizing my projects",,https://github.com/tomwhite/project-curation,,visualization,,https://share.evernote.com/note/53e54865-e278-4115-b108-698ddc9dec49,,
projecteuler,Y,N,A few Project Euler puzzle solutions,,,,,,,,
pyodide-curses,Y,N,Earlier version of pyodide-curses-mar-2022,,,,,,https://share.evernote.com/note/897b1c9d-d3f5-3d24-de88-3547f4702163,pyodide-curses-mar-2022,
pyodide-curses-mar-2022,Y,N,"Can we implement the minimal subset of (python) curses that (python) blessed uses, and use the node.js blessed as the implementation for pyodide?",,,,,,https://share.evernote.com/note/897b1c9d-d3f5-3d24-de88-3547f4702163,,
pypaddle,N,N,A paddle ball bouncing game very similar to Pong,,https://github.com/arpruss/pypaddle,,games,,,pong,
ql,Y,N,Programs for the Sinclair QL,,,,retro-computing,,https://share.evernote.com/note/ff49d3a8-48c0-428c-8428-62c1e9ee937b,,
qltools,N,N,Qltools is a utility that allows you to access files stored on a QL Floppy Disc,,https://github.com/SinclairQL/qltools,,retro-computing,,,,
qs,Y,N,A bunch of disparate scripts and code to analyse various things about my body,,,,,,,,
qxltools,N,N,"Tools to manipulate Sinclair QL ""QXL.WIN"" files on numerous (!) operating systems.",,https://github.com/NormanDunbar/qxltools,,retro-computing,,,,
read_thermal.py,N,N,Flir Image Extractor,,https://github.com/Nervengift/read_thermal.py,,,,,,
rechunker-cloud-cli,Y,N,Rechunk Zarr files using PyWren,,,,"arrays,visualization",,,,
recursive-photos,Y,N,Every year on Millie and Lottie's birthdays I take a picture of them holding the previous year's photo of themselves.,,,,"family,visualization",,https://share.evernote.com/note/704cfedd-6b0c-e06f-61cd-a472da5c2b96,,
reflect,Y,Y,An optical puzzle,https://tom-e-white.com/reflect/,https://github.com/tomwhite/reflect,,games,2023-01-01,,,
resampling,Y,N,"Code for John Rauser's ""Statistics without the agonizing pain""",,,,,,https://share.evernote.com/note/3be79b22-6493-463a-bcf7-debbb259ad44,,
riemann-staircase,Y,Y,Notebooks for computing approximations to the prime counting function using Riemann's formula.,https://observablehq.com/@tomwhite/riemann-staircase,https://github.com/tomwhite/riemann-staircase,,"maths,visualization",2021-12-01,,,Prime Obsession: Bernhard Riemann and the Greatest Unsolved Problem in Mathematics by John Derbyshire
running-data,Y,N,Scripts for analysing my running data from Strava,,,,,,,,
saidak-primes,Y,Y,Computing Saidak primes,https://github.com/tomwhite/saidak-primes/blob/main/saidak.ipynb,https://github.com/tomwhite/saidak-primes,,maths,2022-01-16,https://share.evernote.com/note/79585533-bcab-44a9-9eea-c84fedf6e538,,My Favorite Theorem with Ken Ribet - talking about different proofs of the infinitude of primes.
set,Y,N,Notes on the game SET,,,,games,,,set-game,
set-game,Y,Y,Play SET using image recognition and deep learning,https://github.com/tomwhite/set-game,https://github.com/tomwhite/set-game,,games,2017-01-01,,,
shannon,N,N,Collected papers,,,,,,,,
shrdlu-old,Y,N,Old project to emulate MACLisp in Common Lisp to run Winograd's SHRDLU,,,,,,https://share.evernote.com/note/85b89264-7d63-44ec-9fc6-7fb1dbe84cb8,,
shrdlu-src,Y,N,Source code from various SHRDLU projects,,,,,,https://share.evernote.com/note/85b89264-7d63-44ec-9fc6-7fb1dbe84cb8,shrdlu-old,
six-insect-game,Y,N,An OpenSpiel implementation of an obscure board game.,,,,games,,https://share.evernote.com/note/ef197700-e786-c7e5-ddb5-029364f02a27,six-insect-game-ludii,
six-insect-game-ludii,Y,N,Playing around with Ludii and OpenSpiel integration,,,,games,,https://share.evernote.com/note/ef197700-e786-c7e5-ddb5-029364f02a27,six-insect-game,
spirals,Y,N,Drawing spirals,,,,"visualization,maths",,https://share.evernote.com/note/a8f5635d-3cff-4e70-b1d5-41fe219be4c7,,
stats-wales-dataframe,Y,N,Download StatsWales data in CSV format for processing in R and Python,,https://github.com/tomwhite/stats-wales-dataframe,,local-community,,,,
superellipse,Y,Y,A program to generate Piet Hein's superellipses.,https://observablehq.com/@tomwhite/superellipse-generator,https://github.com/tomwhite/superellipse,,visualization,2002-03-01,,,Martin Gardner
superfarmer,Y,N,Python implementation of the Super Farmer board game,,,,games,,https://share.evernote.com/note/581a24e1-5fac-4802-8064-17d8f87ac21e,,
t1d-genetic-risk-score,Y,N,Code for calculating an individual's T1D genetic risk score from their 23andMe data,,https://github.com/tomwhite/t1d-genetic-risk-score,,t1d,,,,
tennis-ball-parabola,Y,Y,Plotting a parabola by filming a tennis ball throw.,http://www.tom-e-white.com/2015/03/tennis-ball-parabola.html,https://github.com/tomwhite/tennis-ball-parabola,,visualization,2015-03-01,,,
thehill,Y,Y,A two-player game from 1985 written in Sinclair QL SuperBASIC,https://tom-e-white.com/thehill/,https://github.com/tomwhite/thehill,,"games,retro-computing",2025-08-16,https://share.evernote.com/note/ff49d3a8-48c0-428c-8428-62c1e9ee937b,zx81-frogging,
thermal-camera,Y,N,Code and data for running thermal camera surveys,,,,local-community,,https://share.evernote.com/note/07ff3b63-fc12-e5e3-ce44-353caadcb6f7,,
tidepool-cli-tools,Y,N,Loading historical FreeStyle Libre data into Tidepool,,https://github.com/tomwhite/tidepool-cli-tools,,t1d,,https://share.evernote.com/note/b5e831b6-703e-462f-84f7-e4c3b498107a,,
tomwhite-hba1c,Y,N,Plots of my HbA1c data,,,,t1d,,https://share.evernote.com/note/d260548b-d02c-4da2-8940-0ba505ea6f97,,
tomwhite-website,Y,N,Old website (replaced by tomwhite.github.com),,,,,,,,
tomwhite-website-new,Y,N,Local push target for my website (tomwhite.github.com),,,,,,,,
tomwhite.github.com,Y,N,My website (tom-e-white.com),https://tom-e-white.com/,https://github.com/tomwhite/tomwhite.github.com,,,,https://share.evernote.com/note/3b89cc18-98a1-4597-99cc-7b7c77dfd870,,
topple,Y,N,Unsuccessful experiment to create a balancing game using blocks (based on Nature's blox),,,,games,,https://share.evernote.com/note/6360a89b-73bc-fef6-b969-8eb966ff21eb,,
tournesol,Y,N,Phyllotaxis in Java,,https://github.com/tomwhite/tournesol,,"visualization,maths",,,,
tournesol-js,Y,N,Phyllotaxis in JavaScript,,,,"visualization,maths",,,,
tree-preservation-orders,Y,N,Unfinished code to analyse Welsh tree preservation orders dataset,,,,local-community,,,,
vegbox,Y,N,Scrape Riverford website to find what's in this week's vegbox,,,,home,,,,
vstack-and-rechunk,Y,N,Experiments to fix https://github.com/dask/dask/issues/5105,,,,arrays,,,,
wattson-emulator,Y,N,A simple HTML page that emulates the Wattson energy monitor colour display on a local Open Energy Monitoring system,,,,"visualization,home",,https://share.evernote.com/note/45c5674b-0764-42e7-85e1-d679e7177b15,,
webcam,Y,N,Java program to capture webcam image (for Set),,,,,,https://share.evernote.com/note/ea590f21-68ff-4388-afaa-6af5019ccec9,set-game,
whats-for-dinner,Y,N,Unfinished code to analyse food diary to suggest what to have for dinner,,,,home,,,,
wordcloud,Y,N,Generate a word cloud of my projects using Evernote tags,,,,visualization,,,,
workhouse,Y,N,Analysis of Crickhowell workhouse data,,,,local-history,,,,
zx81,Y,N,"Audio files of my ZX81 tapes, plus other resources",,,,retro-computing,,https://share.evernote.com/note/751668ba-bd93-41cc-b471-258a8838fc97,zx81-frogging,
zx81-dat-tape-reader,N,N,Read data from .wav samples of old ZX81 data tapes,,https://github.com/mvindahl/zx81-dat-tape-reader,,retro-computing,,,,
zx81-frogging,Y,Y,The first program I ever wrote,http://tom-e-white.com/zx81-frogging/web/frogging.html,https://github.com/tomwhite/zx81-frogging,,"games,retro-computing",2018-01-01,,,
zx81-javascript-emulator,N,N,A fork of Simon Holdsworth's JtyOne JavaScript Emulator (of the Sinclair ZX81.),,https://github.com/hammingweight/zx81-javascript-emulator,,retro-computing,,,,
zx81-not-only-30-programs,Y,Y,"Run the programs from ""Not Only 30 Programs for the Sinclair ZX81"" in your browser",https://tomwhite.github.io/zx81-not-only-30-programs/web/index.html,https://github.com/tomwhite/zx81-not-only-30-programs,,"games,retro-computing",2023-01-01,,,
zx81-p-file-kaitai,Y,N,A Kaitai Struct definition for the ZX81 P file format.,,https://github.com/tomwhite/zx81-p-file-kaitai,,retro-computing,,,,
zx81-p-file-viewer,Y,N,ZX81 P file viewer,,,,retro-computing,,,,
zx81-refurb,Y,Y,How I refurbished my ZX81,https://tom-e-white.com/2022/12/refurbishing-my-zx81.html,https://github.com/tomwhite/zx81-refurb,,"maker,retro-computing",2022-12-01,,,
zxtext2p,Y,N,A modified version of ZXText2P to add a `-d` option to collapse the display file,,https://github.com/tomwhite/zxtext2p,,retro-computing,,,,